Energy,Shell,MFP,MAC_Total,MAC_Incoherent,MAC_Coherent,MAC_Photoelectric,MAC_Pair_production,Inf_Flu_BUF,Fin_Flu_BUF,Inf_Exp_BUF,Fin_Exp_BUF,Inf_Eff_BUF,Fin_Eff_BUF
0.01,0,89.0,170.19627386,0.085903164465,1.2277882494,168.88258244,0.0,7.7869e+24,7.7501e+24,1.5854e+25,1.5776e+25,7.7869e+24,7.7501e+24
0.01,0,90.0,170.19627386,0.085903164465,1.2277882494,168.88258244,0.0,1.5366e+25,1.5292e+25,3.1283e+25,3.1126e+25,1.5366e+25,1.5292e+25
0.01,0,91.0,170.19627386,0.085903164465,1.2277882494,168.88258244,0.0,3.036e+25,3.0219e+25,6.1824e+25,6.151e+25,3.036e+25,3.0219e+25
0.01,0,92.0,170.19627386,0.085903164465,1.2277882494,168.88258244,0.0,5.9986e+25,5.9718e+25,1.2218e+26,1.2155e+26,5.9986e+25,5.9718e+25
0.01,0,93.0,170.19627386,0.085903164465,1.2277882494,168.88258244,0.0,1.1852e+26,1.1801e+26,2.4146e+26,2.4021e+26,1.1852e+26,1.1801e+26
0.01,0,94.0,170.19627386,0.085903164465,1.2277882494,168.88258244,0.0,2.3418e+26,2.3322e+26,4.7719999999999995e+26,4.7469e+26,2.3418e+26,2.3322e+26
0.01,0,95.0,170.19627386,0.085903164465,1.2277882494,168.88258244,0.0,4.6269e+26,4.6089e+26,9.4308e+26,9.3806e+26,4.6269e+26,4.6089e+26
0.01,0,96.0,170.19627386,0.085903164465,1.2277882494,168.88258244,0.0,9.1448e+26,9.1086e+26,1.8634e+27,1.8539e+27,9.1448e+26,9.1086e+26
0.01,0,97.0,170.19627386,0.085903164465,1.2277882494,168.88258244,0.0,1.8074e+27,1.8001999999999998e+27,3.6817e+27,3.6638e+27,1.8074e+27,1.8001999999999998e+27
0.01,0,98.0,170.19627386,0.085903164465,1.2277882494,168.88258244,0.0,3.5722e+27,3.5577e+27,7.2745e+27,7.240799999999999e+27,3.5722e+27,3.5577e+27
0.01,0,99.0,170.19627386,0.085903164465,1.2277882494,168.88258244,0.0,7.0603e+27,7.0313e+27,1.4373e+28,1.431e+28,7.0603e+27,7.0313e+27
0.01,0,100.0,170.19627386,0.085903164465,1.2277882494,168.88258244,0.0,1.3954e+28,1.3896e+28,2.8399e+28,2.8281e+28,1.3954e+28,1.3896e+28
0.01,0,74.0,215.51296498,0.077786191128,1.319976741,214.11520205,0.0,1.1159e+25,1.1108e+25,1.4529e+25,1.4461e+25,1.1159e+25,1.1108e+25
0.01,0,75.0,215.51296498,0.077786191128,1.319976741,214.11520205,0.0,2.5193e+25,2.5072e+25,3.2761e+25,3.2601e+25,2.5193e+25,2.5072e+25
0.01,0,76.0,215.51296498,0.077786191128,1.319976741,214.11520205,0.0,5.7e+25,5.6708e+25,7.4063e+25,7.3677e+25,5.7e+25,5.6708e+25
0.01,0,77.0,215.51296498,0.077786191128,1.319976741,214.11520205,0.0,1.2897e+26,1.2826e+26,1.6743e+26,1.6651e+26,1.2897e+26,1.2826e+26
0.01,0,78.0,215.51296498,0.077786191128,1.319976741,214.11520205,0.0,2.9179e+26,2.901e+26,3.7852e+26,3.763e+26,2.9179e+26,2.901e+26
0.01,0,79.0,215.51296498,0.077786191128,1.319976741,214.11520205,0.0,6.6019e+26,6.5613e+26,8.5571e+26,8.5042e+26,6.6019e+26,6.5613e+26
0.01,0,80.0,215.51296498,0.077786191128,1.319976741,214.11520205,0.0,1.4936999999999998e+27,1.484e+27,1.9345e+27,1.9219e+27,1.4936999999999998e+27,1.484e+27
0.01,0,81.0,215.51296498,0.077786191128,1.319976741,214.11520205,0.0,3.3773e+27,3.3575e+27,4.3703e+27,4.3445e+27,3.3773e+27,3.3575e+27
0.01,0,82.0,215.51296498,0.077786191128,1.319976741,214.11520205,0.0,7.636299999999999e+27,7.596299999999999e+27,9.873e+27,9.821e+27,7.636299999999999e+27,7.596299999999999e+27
0.01,0,83.0,215.51296498,0.077786191128,1.319976741,214.11520205,0.0,1.7266e+28,1.7186e+28,2.2304e+28,2.2201e+28,1.7266e+28,1.7186e+28
0.01,0,84.0,215.51296498,0.077786191128,1.319976741,214.11520205,0.0,3.9039e+28,3.8883e+28,5.0388e+28,5.0185e+28,3.9039e+28,3.8883e+28
0.01,0,85.0,215.51296498,0.077786191128,1.319976741,214.11520205,0.0,8.827000000000001e+28,8.7971e+28,1.1383e+29,1.1344e+29,8.827000000000001e+28,8.7971e+28
0.01,0,86.0,215.51296498,0.077786191128,1.319976741,214.11520205,0.0,1.9979e+29,1.9908e+29,2.5748e+29,2.5656000000000003e+29,1.9979e+29,1.9908e+29
0.01,0,87.0,215.51296498,0.077786191128,1.319976741,214.11520205,0.0,4.521900000000001e+29,4.5051e+29,5.824100000000001e+29,5.8023e+29,4.521900000000001e+29,4.5051e+29
0.01,0,88.0,215.51296498,0.077786191128,1.319976741,214.11520205,0.0,1.0235e+30,1.0195e+30,1.3174e+30,1.3122000000000002e+30,1.0235e+30,1.0195e+30
0.01,0,89.0,215.51296498,0.077786191128,1.319976741,214.11520205,0.0,2.3165e+30,2.3071e+30,2.9798000000000004e+30,2.9677000000000004e+30,2.3165e+30,2.3071e+30
0.01,0,90.0,215.51296498,0.077786191128,1.319976741,214.11520205,0.0,5.243e+30,5.221e+30,6.74e+30,6.7116e+30,5.243e+30,5.221e+30
0.01,0,91.0,215.51296498,0.077786191128,1.319976741,214.11520205,0.0,1.1879e+31,1.1829e+31,1.5271e+31,1.5206e+31,1.1879e+31,1.1829e+31
0.01,0,92.0,215.51296498,0.077786191128,1.319976741,214.11520205,0.0,2.6915e+31,2.6799e+31,3.46e+31,3.4451e+31,2.6915e+31,2.6799e+31
0.01,0,93.0,215.51296498,0.077786191128,1.319976741,214.11520205,0.0,6.0982e+31,6.0717e+31,7.8395e+31,7.8052e+31,6.0982e+31,6.0717e+31
0.01,0,94.0,215.51296498,0.077786191128,1.319976741,214.11520205,0.0,1.3817e+32,1.3756e+32,1.7761999999999998e+32,1.7684e+32,1.3817e+32,1.3756e+32
0.01,0,95.0,215.51296498,0.077786191128,1.319976741,214.11520205,0.0,3.1305e+32,3.1166e+32,4.0244e+32,4.0065e+32,3.1305e+32,3.1166e+32
0.01,0,96.0,215.51296498,0.077786191128,1.319976741,214.11520205,0.0,7.0947e+32,7.0626e+32,9.1132e+32,9.0717e+32,7.0947e+32,7.0626e+32
0.01,0,97.0,215.51296498,0.077786191128,1.319976741,214.11520205,0.0,1.6079e+33,1.6005e+33,2.0636e+33,2.0541e+33,1.6079e+33,1.6005e+33
0.01,0,98.0,215.51296498,0.077786191128,1.319976741,214.11520205,0.0,3.644e+33,3.6269e+33,4.673e+33,4.6509e+33,3.644e+33,3.6269e+33
0.01,0,99.0,215.51296498,0.077786191128,1.319976741,214.11520205,0.0,8.258499999999999e+33,8.218999999999999e+33,1.0582e+34,1.0531e+34,8.258499999999999e+33,8.218999999999999e+33
0.01,0,100.0,215.51296498,0.077786191128,1.319976741,214.11520205,0.0,1.8716e+34,1.8625e+34,2.3962000000000003e+34,2.3845e+34,1.8716e+34,1.8625e+34
0.02,1,72.0,80.297541728,0.09588973104,0.6660384255,79.535613571,0.0,1.7254e+25,1.7105e+25,2.0219e+25,1.9807e+25,1.6044e+25,1.5909e+25
0.02,1,73.0,80.297541728,0.09588973104,0.6660384255,79.535613571,0.0,3.9674e+25,3.9305e+25,4.6277e+25,4.5322e+25,3.6907e+25,3.657e+25
0.02,1,74.0,80.297541728,0.09588973104,0.6660384255,79.535613571,0.0,9.1227e+25,9.0313e+25,1.0592e+26,1.0371e+26,8.4898e+25,8.4062e+25
0.02,1,75.0,80.297541728,0.09588973104,0.6660384255,79.535613571,0.0,2.0977e+26,2.0752e+26,2.4242e+26,2.3729999999999997e+26,1.9529e+26,1.9323e+26
0.02,1,76.0,80.297541728,0.09588973104,0.6660384255,79.535613571,0.0,4.8374e+26,4.7892e+26,5.6247e+26,5.5083e+26,4.5046e+26,4.4605e+26
0.02,1,77.0,80.297541728,0.09588973104,0.6660384255,79.535613571,0.0,1.1155e+27,1.1053e+27,1.3050999999999998e+27,1.2786e+27,1.039e+27,1.0296e+27
0.02,1,78.0,80.297541728,0.09588973104,0.6660384255,79.535613571,0.0,2.5725e+27,2.5508e+27,3.028e+27,2.9679e+27,2.3967e+27,2.3768e+27
0.02,1,79.0,80.297541728,0.09588973104,0.6660384255,79.535613571,0.0,5.9324e+27,5.8868e+27,7.025699999999999e+27,6.8892e+27,5.528199999999999e+27,5.4866e+27
0.02,1,80.0,80.297541728,0.09588973104,0.6660384255,79.535613571,0.0,1.3681e+28,1.3586e+28,1.6301e+28,1.5991e+28,1.2751e+28,1.2665e+28
0.02,1,81.0,80.297541728,0.09588973104,0.6660384255,79.535613571,0.0,3.149e+28,3.1271e+28,3.7337e+28,3.6545e+28,2.9358e+28,2.9159e+28
0.02,1,82.0,80.297541728,0.09588973104,0.6660384255,79.535613571,0.0,7.2482e+28,7.1979e+28,8.5516e+28,8.3517e+28,6.7591e+28,6.7135e+28
0.02,1,83.0,80.297541728,0.09588973104,0.6660384255,79.535613571,0.0,1.6684e+29,1.6568e+29,1.9587e+29,1.9086e+29,1.5562e+29,1.5457000000000002e+29
0.02,1,84.0,80.297541728,0.09588973104,0.6660384255,79.535613571,0.0,3.8402e+29,3.8135000000000006e+29,4.4862e+29,4.361800000000001e+29,3.5828e+29,3.558700000000001e+29
0.02,1,85.0,80.297541728,0.09588973104,0.6660384255,79.535613571,0.0,8.8394e+29,8.777900000000001e+29,1.0275e+30,9.9681e+29,8.248600000000001e+29,8.1933e+29
0.02,1,86.0,80.297541728,0.09588973104,0.6660384255,79.535613571,0.0,2.0483e+30,2.0329e+30,2.3635e+30,2.3023e+30,1.9118e+30,1.8978e+30
0.02,1,87.0,80.297541728,0.09588973104,0.6660384255,79.535613571,0.0,4.7462e+30,4.707900000000001e+30,5.4364e+30,5.3174e+30,4.4309e+30,4.3958e+30
0.02,1,88.0,80.297541728,0.09588973104,0.6660384255,79.535613571,0.0,1.0998e+31,1.0903e+31,1.2505e+31,1.2281e+31,1.027e+31,1.0182e+31
0.02,1,89.0,80.297541728,0.09588973104,0.6660384255,79.535613571,0.0,2.5485e+31,2.5249999999999998e+31,2.8763e+31,2.8365e+31,2.3802e+31,2.3584e+31
0.02,1,90.0,80.297541728,0.09588973104,0.6660384255,79.535613571,0.0,5.9053e+31,5.8477e+31,6.6158e+31,6.5513e+31,5.5165e+31,5.4627e+31
0.02,1,91.0,80.297541728,0.09588973104,0.6660384255,79.535613571,0.0,1.3632e+32,1.3501e+32,1.5383e+32,1.5147e+32,1.2735e+32,1.2614e+32
0.02,1,92.0,80.297541728,0.09588973104,0.6660384255,79.535613571,0.0,3.1467e+32,3.1171e+32,3.5769e+32,3.5023e+32,2.9398e+32,2.9125e+32
0.02,1,93.0,80.297541728,0.09588973104,0.6660384255,79.535613571,0.0,7.263899999999999e+32,7.1968e+32,8.3169e+32,8.0979e+32,6.786499999999999e+32,6.7251e+32
0.02,1,94.0,80.297541728,0.09588973104,0.6660384255,79.535613571,0.0,1.6768e+33,1.6616e+33,1.9339e+33,1.8723e+33,1.5667e+33,1.5528e+33
0.02,1,95.0,80.297541728,0.09588973104,0.6660384255,79.535613571,0.0,3.8707e+33,3.8363e+33,4.4966e+33,4.3291e+33,3.6166e+33,3.5856e+33
0.02,1,96.0,80.297541728,0.09588973104,0.6660384255,79.535613571,0.0,8.9427e+33,8.869299999999999e+33,1.0404e+34,1.0049e+34,8.355999999999999e+33,8.289799999999999e+33
0.02,1,97.0,80.297541728,0.09588973104,0.6660384255,79.535613571,0.0,2.0661e+34,2.0506e+34,2.4073e+34,2.3328e+34,1.9306e+34,1.9166e+34
0.02,1,98.0,80.297541728,0.09588973104,0.6660384255,79.535613571,0.0,4.7733e+34,4.7408000000000005e+34,5.57e+34,5.4152e+34,4.4605e+34,4.4312e+34
0.02,1,99.0,80.297541728,0.09588973104,0.6660384255,79.535613571,0.0,1.1028e+35,1.0961e+35,1.2888e+35,1.2570000000000001e+35,1.0306e+35,1.0245e+35
0.02,1,100.0,80.297541728,0.09588973104,0.6660384255,79.535613571,0.0,2.5479e+35,2.5341e+35,2.982e+35,2.918e+35,2.3811e+35,2.3686e+35
0.019965,1,72.0,80.549885097,0.095828950072,0.66491225433,79.789143893,0.0,1.8133e+25,1.8002e+25,1.9858e+25,1.9153e+25,1.7671e+25,1.755e+25
0.019965,1,73.0,80.549885097,0.095828950072,0.66491225433,79.789143893,0.0,4.1764e+25,4.1469e+25,4.5671e+25,4.419e+25,4.0713e+25,4.0442e+25
0.019965,1,74.0,80.549885097,0.095828950072,0.66491225433,79.789143893,0.0,9.6188e+25,9.5528e+25,1.0504e+26,1.0196e+26,9.3803e+25,9.3191e+25
0.019965,1,75.0,80.549885097,0.095828950072,0.66491225433,79.789143893,0.0,2.2153e+26,2.2006e+26,2.4157e+26,2.3524e+26,2.1612e+26,2.1474e+26
0.019965,1,76.0,80.549885097,0.095828950072,0.66491225433,79.789143893,0.0,5.1079999999999994e+26,5.0707e+26,5.5942e+26,5.4315e+26,4.9841e+26,4.9494e+26
0.019965,1,77.0,80.549885097,0.095828950072,0.66491225433,79.789143893,0.0,1.1778e+27,1.1684e+27,1.2955e+27,1.2541e+27,1.1494e+27,1.1407e+27
0.019965,1,78.0,80.549885097,0.095828950072,0.66491225433,79.789143893,0.0,2.7155999999999995e+27,2.6924e+27,3.0002e+27,2.8957e+27,2.6507e+27,2.6291999999999995e+27
0.019965,1,79.0,80.549885097,0.095828950072,0.66491225433,79.789143893,0.0,6.2615e+27,6.2042e+27,6.947799999999999e+27,6.686e+27,6.113099999999999e+27,6.059799999999999e+27
0.019965,1,80.0,80.549885097,0.095828950072,0.66491225433,79.789143893,0.0,1.4437e+28,1.4296e+28,1.609e+28,1.5438e+28,1.4098e+28,1.3967e+28
0.019965,1,81.0,80.549885097,0.095828950072,0.66491225433,79.789143893,0.0,3.3274e+28,3.2975e+28,3.6930000000000005e+28,3.5562e+28,3.2499e+28,3.2222e+28
0.019965,1,82.0,80.549885097,0.095828950072,0.66491225433,79.789143893,0.0,7.6689e+28,7.606000000000001e+28,8.4765e+28,8.191999999999999e+28,7.492099999999999e+28,7.4337e+28
0.019965,1,83.0,80.549885097,0.095828950072,0.66491225433,79.789143893,0.0,1.7675000000000002e+29,1.7544000000000003e+29,1.9456e+29,1.8871000000000003e+29,1.7272000000000003e+29,1.7150000000000003e+29
0.019965,1,84.0,80.549885097,0.095828950072,0.66491225433,79.789143893,0.0,4.0736000000000005e+29,4.0466e+29,4.4657e+29,4.347200000000001e+29,3.9816e+29,3.9566e+29
0.019965,1,85.0,80.549885097,0.095828950072,0.66491225433,79.789143893,0.0,9.3886e+29,9.3339e+29,1.025e+30,1.0014e+30,9.1788e+29,9.1281e+29
0.019965,1,86.0,80.549885097,0.095828950072,0.66491225433,79.789143893,0.0,2.1679e+30,2.154e+30,2.3542e+30,2.304e+30,2.1198e+30,2.1069e+30
0.019965,1,87.0,80.549885097,0.095828950072,0.66491225433,79.789143893,0.0,5.006e+30,4.971e+30,5.4069e+30,5.3008e+30,4.895600000000001e+30,4.863e+30
0.019965,1,88.0,80.549885097,0.095828950072,0.66491225433,79.789143893,0.0,1.1559e+31,1.1472e+31,1.2418e+31,1.2196e+31,1.1306e+31,1.1224e+31
0.019965,1,89.0,80.549885097,0.095828950072,0.66491225433,79.789143893,0.0,2.6692e+31,2.6474e+31,2.8521e+31,2.8059e+31,2.6111e+31,2.5907e+31
0.019965,1,90.0,80.549885097,0.095828950072,0.66491225433,79.789143893,0.0,6.1635e+31,6.1096e+31,6.5505e+31,6.4556e+31,6.0302e+31,5.9797e+31
0.019965,1,91.0,80.549885097,0.095828950072,0.66491225433,79.789143893,0.0,1.4213e+32,1.4094e+32,1.5155e+32,1.4881e+32,1.3907e+32,1.3796e+32
0.019965,1,92.0,80.549885097,0.095828950072,0.66491225433,79.789143893,0.0,3.2774e+32,3.2514e+32,3.5064e+32,3.4303e+32,3.2073e+32,3.1831e+32
0.019965,1,93.0,80.549885097,0.095828950072,0.66491225433,79.789143893,0.0,7.5575e+32,7.5007e+32,8.1124e+32,7.907199999999999e+32,7.3969e+32,7.344099999999999e+32
0.019965,1,94.0,80.549885097,0.095828950072,0.66491225433,79.789143893,0.0,1.7427e+33,1.7302999999999998e+33,1.8769e+33,1.8227e+33,1.7059e+33,1.6943999999999995e+33
0.019965,1,95.0,80.549885097,0.095828950072,0.66491225433,79.789143893,0.0,4.0187e+33,3.9917e+33,4.3424e+33,4.2016e+33,3.9342e+33,3.9094e+33
0.019965,1,96.0,80.549885097,0.095828950072,0.66491225433,79.789143893,0.0,9.2764e+33,9.2198e+33,9.9477e+33,9.6809e+33,9.0828e+33,9.0306e+33
0.019965,1,97.0,80.549885097,0.095828950072,0.66491225433,79.789143893,0.0,2.1413e+34,2.1295e+34,2.2788e+34,2.2306e+34,2.0969e+34,2.086e+34
0.019965,1,98.0,80.549885097,0.095828950072,0.66491225433,79.789143893,0.0,4.9429e+34,4.9186e+34,5.2204e+34,5.1395e+34,4.841e+34,4.8186e+34
0.019965,1,99.0,80.549885097,0.095828950072,0.66491225433,79.789143893,0.0,1.141e+35,1.1361e+35,1.1959e+35,1.1842e+35,1.1176e+35,1.1131e+35
0.019965,1,100.0,80.549885097,0.095828950072,0.66491225433,79.789143893,0.0,2.6338e+35,2.624e+35,2.7395e+35,2.7286e+35,2.5802e+35,2.5712e+35
0.03,1,74.0,40.897494636,0.10166416154,0.55401733863,40.241813136,0.0,1.8671e+25,1.8444e+25,2.2336e+25,2.0742e+25,1.7912e+25,1.7716e+25
0.03,1,75.0,40.897494636,0.10166416154,0.55401733863,40.241813136,0.0,4.1962e+25,4.1437e+25,5.0532e+25,4.6535e+25,4.0262e+25,3.9808e+25
0.03,1,76.0,40.897494636,0.10166416154,0.55401733863,40.241813136,0.0,9.4305e+25,9.3143e+25,1.1372e+26,1.0535e+26,9.0488e+25,8.9482e+25
0.03,1,77.0,40.897494636,0.10166416154,0.55401733863,40.241813136,0.0,2.1194e+26,2.0937e+26,2.5589999999999997e+26,2.3849e+26,2.0337e+26,2.0114e+26
0.03,1,78.0,40.897494636,0.10166416154,0.55401733863,40.241813136,0.0,4.7629999999999996e+26,4.7063e+26,5.7586e+26,5.399e+26,4.5708e+26,4.5214e+26
0.03,1,79.0,40.897494636,0.10166416154,0.55401733863,40.241813136,0.0,1.0704e+27,1.0579e+27,1.2958999999999998e+27,1.2221999999999998e+27,1.0273e+27,1.0163e+27
0.03,1,80.0,40.897494636,0.10166416154,0.55401733863,40.241813136,0.0,2.4056e+27,2.378e+27,2.9162e+27,2.7669e+27,2.3088e+27,2.2846e+27
0.03,1,81.0,40.897494636,0.10166416154,0.55401733863,40.241813136,0.0,5.4105e+27,5.3494e+27,6.5235e+27,6.215299999999999e+27,5.194e+27,5.140000000000001e+27
0.03,1,82.0,40.897494636,0.10166416154,0.55401733863,40.241813136,0.0,1.2169e+28,1.2034e+28,1.4593e+28,1.3961e+28,1.1685e+28,1.1564e+28
0.03,1,83.0,40.897494636,0.10166416154,0.55401733863,40.241813136,0.0,2.7369e+28,2.7071e+28,3.2645e+28,3.1360000000000003e+28,2.6286e+28,2.6018e+28
0.03,1,84.0,40.897494636,0.10166416154,0.55401733863,40.241813136,0.0,6.1557e+28,6.0898e+28,7.3027e+28,7.0444e+28,5.9133e+28,5.8538e+28
0.03,1,85.0,40.897494636,0.10166416154,0.55401733863,40.241813136,0.0,1.3845e+29,1.3699000000000002e+29,1.6336e+29,1.5824e+29,1.3303e+29,1.317e+29
0.03,1,86.0,40.897494636,0.10166416154,0.55401733863,40.241813136,0.0,3.1217000000000004e+29,3.0895000000000003e+29,3.6647000000000005e+29,3.5509e+29,2.9996000000000003e+29,2.9704e+29
0.03,1,87.0,40.897494636,0.10166416154,0.55401733863,40.241813136,0.0,7.038600000000001e+29,6.9674e+29,8.2211e+29,7.968400000000001e+29,6.7639e+29,6.699400000000001e+29
0.03,1,88.0,40.897494636,0.10166416154,0.55401733863,40.241813136,0.0,1.587e+30,1.5713e+30,1.8443e+30,1.7882e+30,1.5252e+30,1.5109e+30
0.03,1,89.0,40.897494636,0.10166416154,0.55401733863,40.241813136,0.0,3.5784000000000004e+30,3.5436e+30,4.1372e+30,4.0127e+30,3.4392000000000003e+30,3.4077e+30
0.03,1,90.0,40.897494636,0.10166416154,0.55401733863,40.241813136,0.0,8.068300000000001e+30,7.9916e+30,9.2811e+30,9.0048e+30,7.755200000000001e+30,7.685700000000001e+30
0.03,1,91.0,40.897494636,0.10166416154,0.55401733863,40.241813136,0.0,1.8143e+31,1.7973e+31,2.0725e+31,2.0143e+31,1.7441e+31,1.7287e+31
0.03,1,92.0,40.897494636,0.10166416154,0.55401733863,40.241813136,0.0,4.0796e+31,4.0419e+31,4.6279e+31,4.5059e+31,3.9222e+31,3.8881e+31
0.03,1,93.0,40.897494636,0.10166416154,0.55401733863,40.241813136,0.0,9.1736e+31,9.09e+31,1.0334e+32,1.0079e+32,8.8207e+31,8.745e+31
0.03,1,94.0,40.897494636,0.10166416154,0.55401733863,40.241813136,0.0,2.0628e+32,2.0443e+32,2.3077e+32,2.2547e+32,1.9837e+32,1.9669e+32
0.03,1,95.0,40.897494636,0.10166416154,0.55401733863,40.241813136,0.0,4.6385e+32,4.5975e+32,5.1531e+32,5.0437e+32,4.4612e+32,4.424e+32
0.03,1,96.0,40.897494636,0.10166416154,0.55401733863,40.241813136,0.0,1.0437e+33,1.0347e+33,1.1817e+33,1.1476e+33,1.0036e+33,9.9549e+32
0.03,1,97.0,40.897494636,0.10166416154,0.55401733863,40.241813136,0.0,2.3484e+33,2.3285e+33,2.7099e+33,2.6112e+33,2.2578e+33,2.2401e+33
0.03,1,98.0,40.897494636,0.10166416154,0.55401733863,40.241813136,0.0,5.2841e+33,5.2401e+33,6.2143e+33,5.9412e+33,5.0794e+33,5.0407e+33
0.03,1,99.0,40.897494636,0.10166416154,0.55401733863,40.241813136,0.0,1.189e+34,1.1793e+34,1.4251e+34,1.3518e+34,1.1427e+34,1.1343e+34
0.03,1,100.0,40.897494636,0.10166416154,0.55401733863,40.241813136,0.0,2.6752e+34,2.6539000000000003e+34,3.2679e+34,3.0758e+34,2.5707e+34,2.5524e+34
0.04,1,98.0,19.387933829,0.10808426549,0.45010321138,18.829746352,0.0,7.9701e+24,7.8662e+24,1.5452e+25,1.4763e+25,6.163e+24,6.0865e+24
0.04,1,99.0,19.387933829,0.10808426549,0.45010321138,18.829746352,0.0,1.4671e+25,1.4465e+25,2.8055e+25,2.7043e+25,1.1346e+25,1.1193e+25
0.04,1,100.0,19.387933829,0.10808426549,0.45010321138,18.829746352,0.0,2.7004e+25,2.6601e+25,5.094e+25,4.9536e+25,2.0888e+25,2.0585e+25
0.029184,1,73.0,43.448090736,0.10084403219,0.49777999789,42.849466706,0.0,1.6694e+25,1.6515e+25,1.9432e+25,1.8605e+25,1.6315e+25,1.6152e+25
0.029184,1,74.0,43.448090736,0.10084403219,0.49777999789,42.849466706,0.0,3.7865e+25,3.7464e+25,4.3953e+25,4.186e+25,3.7012e+25,3.6651e+25
0.029184,1,75.0,43.448090736,0.10084403219,0.49777999789,42.849466706,0.0,8.5883e+25,8.4989e+25,9.9418e+25,9.418e+25,8.3966e+25,8.3163e+25
0.029184,1,76.0,43.448090736,0.10084403219,0.49777999789,42.849466706,0.0,1.9503e+26,1.9308e+26,2.2625e+26,2.1205e+26,1.907e+26,1.8897e+26
0.029184,1,77.0,43.448090736,0.10084403219,0.49777999789,42.849466706,0.0,4.4291e+26,4.3863e+26,5.1489e+26,4.7744e+26,4.3312e+26,4.2939e+26
0.029184,1,78.0,43.448090736,0.10084403219,0.49777999789,42.849466706,0.0,1.0058e+27,9.9646e+26,1.1718e+27,1.075e+27,9.8368e+26,9.7571e+26
0.029184,1,79.0,43.448090736,0.10084403219,0.49777999789,42.849466706,0.0,2.2841e+27,2.2637e+27,2.6667e+27,2.4203e+27,2.2341e+27,2.2171e+27
0.029184,1,80.0,43.448090736,0.10084403219,0.49777999789,42.849466706,0.0,5.1871e+27,5.1427e+27,6.068699999999999e+27,5.4494e+27,5.0741e+27,5.037799999999999e+27
0.029184,1,81.0,43.448090736,0.10084403219,0.49777999789,42.849466706,0.0,1.1797e+28,1.169e+28,1.3586e+28,1.2384e+28,1.1543e+28,1.1453e+28
0.029184,1,82.0,43.448090736,0.10084403219,0.49777999789,42.849466706,0.0,2.6828e+28,2.6572e+28,3.0416e+28,2.8144e+28,2.6258e+28,2.6037e+28
0.029184,1,83.0,43.448090736,0.10084403219,0.49777999789,42.849466706,0.0,6.1014e+28,6.0402e+28,6.8095e+28,6.3958e+28,5.9732e+28,5.9191e+28
0.029184,1,84.0,43.448090736,0.10084403219,0.49777999789,42.849466706,0.0,1.3876000000000002e+29,1.373e+29,1.5245000000000002e+29,1.4535000000000002e+29,1.3588000000000002e+29,1.3456e+29
0.029184,1,85.0,43.448090736,0.10084403219,0.49777999789,42.849466706,0.0,3.1557e+29,3.1210000000000005e+29,3.4129e+29,3.3032e+29,3.091e+29,3.0591000000000004e+29
0.029184,1,86.0,43.448090736,0.10084403219,0.49777999789,42.849466706,0.0,7.1935e+29,7.110900000000001e+29,7.8925e+29,7.6051e+29,7.0455e+29,6.969700000000001e+29
0.029184,1,87.0,43.448090736,0.10084403219,0.49777999789,42.849466706,0.0,1.6398000000000002e+30,1.6202e+30,1.8252e+30,1.751e+30,1.6059000000000002e+30,1.5879000000000002e+30
0.029184,1,88.0,43.448090736,0.10084403219,0.49777999789,42.849466706,0.0,3.737800000000001e+30,3.6914e+30,4.2207e+30,4.0314e+30,3.6604e+30,3.6179e+30
0.029184,1,89.0,43.448090736,0.10084403219,0.49777999789,42.849466706,0.0,8.5203e+30,8.410600000000001e+30,9.7605e+30,9.2817e+30,8.3432e+30,8.242700000000001e+30
0.029184,1,90.0,43.448090736,0.10084403219,0.49777999789,42.849466706,0.0,1.9422e+31,1.9163e+31,2.2571e+31,2.137e+31,1.9017e+31,1.878e+31
0.029184,1,91.0,43.448090736,0.10084403219,0.49777999789,42.849466706,0.0,4.4164e+31,4.3587e+31,5.123e+31,4.8008e+31,4.3245000000000005e+31,4.2722e+31
0.029184,1,92.0,43.448090736,0.10084403219,0.49777999789,42.849466706,0.0,1.0043e+32,9.9141e+31,1.1628e+32,1.0785e+32,9.833999999999999e+31,9.7188e+31
0.029184,1,93.0,43.448090736,0.10084403219,0.49777999789,42.849466706,0.0,2.2836e+32,2.2549999999999996e+32,2.6391e+32,2.4228e+32,2.2363e+32,2.2109e+32
0.029184,1,94.0,43.448090736,0.10084403219,0.49777999789,42.849466706,0.0,5.1927e+32,5.1291e+32,5.99e+32,5.443e+32,5.0854e+32,5.0296e+32
0.029184,1,95.0,43.448090736,0.10084403219,0.49777999789,42.849466706,0.0,1.1808e+33,1.1666e+33,1.3595e+33,1.2228e+33,1.1564e+33,1.1442e+33
0.029184,1,96.0,43.448090736,0.10084403219,0.49777999789,42.849466706,0.0,2.6858e+33,2.6527e+33,3.0766e+33,2.7984e+33,2.6306e+33,2.6015e+33
0.029184,1,97.0,43.448090736,0.10084403219,0.49777999789,42.849466706,0.0,6.109e+33,6.031699999999999e+33,6.9622e+33,6.4042e+33,5.9839e+33,5.915099999999999e+33
0.029184,1,98.0,43.448090736,0.10084403219,0.49777999789,42.849466706,0.0,1.3895e+34,1.3715e+34,1.5755e+34,1.4656e+34,1.3612e+34,1.3449e+34
0.029184,1,99.0,43.448090736,0.10084403219,0.49777999789,42.849466706,0.0,3.1606e+34,3.1185e+34,3.5653e+34,3.3542e+34,3.0963e+34,3.058e+34
0.029184,1,100.0,43.448090736,0.10084403219,0.49777999789,42.849466706,0.0,7.1891e+34,7.090900000000001e+34,8.0682e+34,7.6763e+34,7.0434e+34,6.953e+34
0.04,1,75.0,25.672323861,0.10373417505,0.425782036,25.14280765,0.0,1.584e+25,1.5643e+25,2.0611e+25,1.8534e+25,1.5144e+25,1.4982e+25
0.04,1,76.0,25.672323861,0.10373417505,0.425782036,25.14280765,0.0,3.5036e+25,3.4604e+25,4.5328e+25,4.1216e+25,3.3503e+25,3.3142e+25
0.04,1,77.0,25.672323861,0.10373417505,0.425782036,25.14280765,0.0,7.7494e+25,7.6544e+25,9.9687e+25,9.1655e+25,7.4119e+25,7.3312e+25
0.04,1,78.0,25.672323861,0.10373417505,0.425782036,25.14280765,0.0,1.7141e+26,1.6932e+26,2.1923e+26,2.0382e+26,1.6397e+26,1.6217e+26
0.04,1,79.0,25.672323861,0.10373417505,0.425782036,25.14280765,0.0,3.7912e+26,3.7453e+26,4.8214e+26,4.5325e+26,3.6276e+26,3.5873e+26
0.04,1,80.0,25.672323861,0.10373417505,0.425782036,25.14280765,0.0,8.3857e+26,8.2846e+26,1.0603e+27,1.0079e+27,8.0254e+26,7.9353e+26
0.04,1,81.0,25.672323861,0.10373417505,0.425782036,25.14280765,0.0,1.8631e+27,1.8399e+27,2.3407e+27,2.2153e+27,1.7836e+27,1.7629999999999995e+27
0.04,1,82.0,25.672323861,0.10373417505,0.425782036,25.14280765,0.0,4.1396e+27,4.0864e+27,5.1671e+27,4.8689e+27,3.964e+27,3.9169e+27
0.04,1,83.0,25.672323861,0.10373417505,0.425782036,25.14280765,0.0,9.1975e+27,9.0755e+27,1.1407e+28,1.0701e+28,8.8099e+27,8.702399999999999e+27
0.04,1,84.0,25.672323861,0.10373417505,0.425782036,25.14280765,0.0,2.0435e+28,2.0156e+28,2.5180000000000003e+28,2.3519e+28,1.9580000000000001e+28,1.9334e+28
0.04,1,85.0,25.672323861,0.10373417505,0.425782036,25.14280765,0.0,4.5403e+28,4.4764e+28,5.5587e+28,5.1692e+28,4.3515e+28,4.2956e+28
0.04,1,86.0,25.672323861,0.10373417505,0.425782036,25.14280765,0.0,1.0103e+29,9.9619e+28,1.2468e+29,1.1666000000000002e+29,9.6824e+28,9.5585e+28
0.04,1,87.0,25.672323861,0.10373417505,0.425782036,25.14280765,0.0,2.2481e+29,2.2169e+29,2.7966e+29,2.6327000000000003e+29,2.1544e+29,2.127e+29
0.04,1,88.0,25.672323861,0.10373417505,0.425782036,25.14280765,0.0,5.0024000000000005e+29,4.9335e+29,6.272600000000001e+29,5.9413e+29,4.7936e+29,4.7329000000000005e+29
0.04,1,89.0,25.672323861,0.10373417505,0.425782036,25.14280765,0.0,1.1131e+30,1.0979e+30,1.4069e+30,1.3408e+30,1.0666e+30,1.0532e+30
0.04,1,90.0,25.672323861,0.10373417505,0.425782036,25.14280765,0.0,2.4769e+30,2.4433e+30,3.1558000000000003e+30,3.0259e+30,2.3732e+30,2.3435e+30
0.04,1,91.0,25.672323861,0.10373417505,0.425782036,25.14280765,0.0,5.5003e+30,5.4279e+30,6.9487e+30,6.6399e+30,5.2716e+30,5.2079e+30
0.04,1,92.0,25.672323861,0.10373417505,0.425782036,25.14280765,0.0,1.2214e+31,1.2059e+31,1.5299999999999998e+31,1.457e+31,1.171e+31,1.1573e+31
0.04,1,93.0,25.672323861,0.10373417505,0.425782036,25.14280765,0.0,2.7123e+31,2.6789e+31,3.3689999999999997e+31,3.1973e+31,2.6011e+31,2.5719e+31
0.04,1,94.0,25.672323861,0.10373417505,0.425782036,25.14280765,0.0,6.023e+31,5.9514e+31,7.4183e+31,7.0161e+31,5.7777e+31,5.7155e+31
0.04,1,95.0,25.672323861,0.10373417505,0.425782036,25.14280765,0.0,1.3375e+32,1.3222e+32,1.6334e+32,1.5396e+32,1.2834e+32,1.2701e+32
0.04,1,96.0,25.672323861,0.10373417505,0.425782036,25.14280765,0.0,2.9642e+32,2.9324e+32,3.7167e+32,3.4429e+32,2.8439999999999996e+32,2.8174e+32
0.04,1,97.0,25.672323861,0.10373417505,0.425782036,25.14280765,0.0,6.569399999999999e+32,6.504e+32,8.4567e+32,7.699e+32,6.3023e+32,6.2496e+32
0.04,1,98.0,25.672323861,0.10373417505,0.425782036,25.14280765,0.0,1.456e+33,1.4425e+33,1.9242e+33,1.7216999999999998e+33,1.3965999999999998e+33,1.3863e+33
0.04,1,99.0,25.672323861,0.10373417505,0.425782036,25.14280765,0.0,3.2268e+33,3.1994e+33,4.3783e+33,3.85e+33,3.0948e+33,3.0749999999999995e+33
0.04,1,100.0,25.672323861,0.10373417505,0.425782036,25.14280765,0.0,7.1513e+33,7.0961e+33,9.9622e+33,8.6095e+33,6.8582e+33,6.8211e+33
0.05,1,92.0,14.445363542,0.10728925771,0.36588832253,13.972185962,0.0,6.7579e+24,6.6698e+24,1.0675e+25,1.0132e+25,5.7413e+24,5.6722e+24
0.05,1,93.0,14.445363542,0.10728925771,0.36588832253,13.972185962,0.0,1.2866e+25,1.2703e+25,2.018e+25,1.9206e+25,1.0934e+25,1.0806e+25
0.05,1,94.0,14.445363542,0.10728925771,0.36588832253,13.972185962,0.0,2.4496e+25,2.4194e+25,3.8148e+25,3.6409e+25,2.0823e+25,2.0585e+25
0.05,1,95.0,14.445363542,0.10728925771,0.36588832253,13.972185962,0.0,4.6639e+25,4.608e+25,7.2114e+25,6.9018e+25,3.9657e+25,3.9216e+25
0.05,1,96.0,14.445363542,0.10728925771,0.36588832253,13.972185962,0.0,8.8845e+25,8.7871e+25,1.3779e+26,1.3179e+26,7.5563e+25,7.4798e+25
0.05,1,97.0,14.445363542,0.10728925771,0.36588832253,13.972185962,0.0,1.6925e+26,1.6756e+26,2.6328e+26,2.5164e+26,1.4398e+26,1.4266e+26
0.05,1,98.0,14.445363542,0.10728925771,0.36588832253,13.972185962,0.0,3.2241e+26,3.1953e+26,5.0305e+26,4.8048e+26,2.7434e+26,2.7211e+26
0.05,1,99.0,14.445363542,0.10728925771,0.36588832253,13.972185962,0.0,6.1417e+26,6.0933e+26,9.611999999999999e+26,9.1744e+26,5.2274e+26,5.1901e+26
0.05,1,100.0,14.445363542,0.10728925771,0.36588832253,13.972185962,0.0,1.1700000000000001e+27,1.1619e+27,1.8366e+27,1.7517999999999998e+27,9.9603e+26,9.8992e+26
0.038943,1,74.0,27.359986682,0.10313242507,0.38727229488,26.869581962,0.0,1.8286e+25,1.7984e+25,2.1665e+25,1.9779e+25,1.7958e+25,1.7695e+25
0.038943,1,75.0,27.359986682,0.10313242507,0.38727229488,26.869581962,0.0,4.1162e+25,4.0423e+25,4.9261e+25,4.4373e+25,4.0415e+25,3.9777e+25
0.038943,1,76.0,27.359986682,0.10313242507,0.38727229488,26.869581962,0.0,9.2484e+25,9.0887e+25,1.1024e+26,9.9658e+25,9.0823e+25,8.944e+25
0.038943,1,77.0,27.359986682,0.10313242507,0.38727229488,26.869581962,0.0,2.0779e+26,2.0435e+26,2.4672e+26,2.2382e+26,2.0409999999999997e+26,2.0111e+26
0.038943,1,78.0,27.359986682,0.10313242507,0.38727229488,26.869581962,0.0,4.6688e+26,4.5946e+26,5.5215e+26,5.0268e+26,4.5867e+26,4.5221e+26
0.038943,1,79.0,27.359986682,0.10313242507,0.38727229488,26.869581962,0.0,1.049e+27,1.033e+27,1.2357e+27,1.129e+27,1.0308e+27,1.0168e+27
0.038943,1,80.0,27.359986682,0.10313242507,0.38727229488,26.869581962,0.0,2.3569e+27,2.3227e+27,2.7654e+27,2.5356e+27,2.3164e+27,2.2863e+27
0.038943,1,81.0,27.359986682,0.10313242507,0.38727229488,26.869581962,0.0,5.296199999999999e+27,5.221499999999999e+27,6.196e+27,5.675999999999999e+27,5.205799999999999e+27,5.140499999999999e+27
0.038943,1,82.0,27.359986682,0.10313242507,0.38727229488,26.869581962,0.0,1.1901e+28,1.1738e+28,1.3882e+28,1.2706e+28,1.1699e+28,1.1558e+28
0.038943,1,83.0,27.359986682,0.10313242507,0.38727229488,26.869581962,0.0,2.6743e+28,2.6389e+28,3.1104e+28,2.8442e+28,2.6293e+28,2.5985e+28
0.038943,1,84.0,27.359986682,0.10313242507,0.38727229488,26.869581962,0.0,6.0095e+28,5.9323e+28,6.9689e+28,6.3669e+28,5.909000000000001e+28,5.8424e+28
0.038943,1,85.0,27.359986682,0.10313242507,0.38727229488,26.869581962,0.0,1.3504e+29,1.3336000000000002e+29,1.5614e+29,1.4252e+29,1.328e+29,1.3136000000000002e+29
0.038943,1,86.0,27.359986682,0.10313242507,0.38727229488,26.869581962,0.0,3.0288000000000004e+29,2.9909e+29,3.5018e+29,3.2067e+29,2.9786e+29,2.9459e+29
0.038943,1,87.0,27.359986682,0.10313242507,0.38727229488,26.869581962,0.0,6.7931e+29,6.7078e+29,7.8536e+29,7.2149e+29,6.680900000000001e+29,6.6068e+29
0.038943,1,88.0,27.359986682,0.10313242507,0.38727229488,26.869581962,0.0,1.5236e+30,1.5044e+30,1.7614000000000002e+30,1.6233e+30,1.4985e+30,1.4817e+30
0.038943,1,89.0,27.359986682,0.10313242507,0.38727229488,26.869581962,0.0,3.4172e+30,3.3738e+30,3.9503e+30,3.6524e+30,3.3611e+30,3.3229000000000004e+30
0.038943,1,90.0,27.359986682,0.10313242507,0.38727229488,26.869581962,0.0,7.6643e+30,7.5665e+30,8.859400000000001e+30,8.2176e+30,7.539e+30,7.452200000000001e+30
0.038943,1,91.0,27.359986682,0.10313242507,0.38727229488,26.869581962,0.0,1.728e+31,1.7066e+31,1.9947e+31,1.8604e+31,1.6998e+31,1.6807e+31
0.038943,1,92.0,27.359986682,0.10313242507,0.38727229488,26.869581962,0.0,3.8959999999999997e+31,3.8491e+31,4.4913e+31,4.2119e+31,3.8323e+31,3.7906e+31
0.038943,1,93.0,27.359986682,0.10313242507,0.38727229488,26.869581962,0.0,8.783999999999999e+31,8.6814e+31,1.0112e+32,9.5354e+31,8.6404e+31,8.5491e+31
0.038943,1,94.0,27.359986682,0.10313242507,0.38727229488,26.869581962,0.0,1.9805e+32,1.958e+32,2.2769e+32,2.1587e+32,1.9481e+32,1.9281e+32
0.038943,1,95.0,27.359986682,0.10313242507,0.38727229488,26.869581962,0.0,4.4652e+32,4.4162e+32,5.1265e+32,4.8872e+32,4.3922e+32,4.3486e+32
0.038943,1,96.0,27.359986682,0.10313242507,0.38727229488,26.869581962,0.0,1.0019e+33,9.9196e+32,1.1494e+33,1.0992e+33,9.8563e+32,9.7678e+32
0.038943,1,97.0,27.359986682,0.10313242507,0.38727229488,26.869581962,0.0,2.2481e+33,2.2281e+33,2.5769e+33,2.472e+33,2.2118e+33,2.1941e+33
0.038943,1,98.0,27.359986682,0.10313242507,0.38727229488,26.869581962,0.0,5.0443e+33,5.0047e+33,5.777399999999999e+33,5.5596e+33,4.9633e+33,4.9283e+33
0.038943,1,99.0,27.359986682,0.10313242507,0.38727229488,26.869581962,0.0,1.1319e+34,1.1242e+34,1.2953e+34,1.2504e+34,1.1138e+34,1.1069999999999999e+34
0.038943,1,100.0,27.359986682,0.10313242507,0.38727229488,26.869581962,0.0,2.5397e+34,2.5250000000000003e+34,2.9041e+34,2.8121e+34,2.4993e+34,2.4866e+34
0.06,1,87.0,11.748286819,0.10599250441,0.31620955295,11.326084762,0.0,1.4585e+25,1.4374e+25,1.8712e+25,1.7261e+25,1.32e+25,1.3032e+25
0.06,1,88.0,11.748286819,0.10599250441,0.31620955295,11.326084762,0.0,2.8998e+25,2.8575e+25,3.7203e+25,3.4426e+25,2.6247e+25,2.5909e+25
0.06,1,89.0,11.748286819,0.10599250441,0.31620955295,11.326084762,0.0,5.7655e+25,5.6806e+25,7.3968e+25,6.8664e+25,5.2191e+25,5.1507e+25
0.06,1,90.0,11.748286819,0.10599250441,0.31620955295,11.326084762,0.0,1.1463e+26,1.1293e+26,1.4706e+26,1.3695e+26,1.0378e+26,1.024e+26
0.06,1,91.0,11.748286819,0.10599250441,0.31620955295,11.326084762,0.0,2.2796e+26,2.2456e+26,2.9514e+26,2.7288e+26,2.0636e+26,2.0363e+26
0.06,1,92.0,11.748286819,0.10599250441,0.31620955295,11.326084762,0.0,4.5332e+26,4.4653e+26,5.923e+26,5.4373e+26,4.1032e+26,4.0493e+26
0.06,1,93.0,11.748286819,0.10599250441,0.31620955295,11.326084762,0.0,9.0148e+26,8.8794e+26,1.1887e+27,1.0834e+27,8.1589e+26,8.0525e+26
0.06,1,94.0,11.748286819,0.10599250441,0.31620955295,11.326084762,0.0,1.7926999999999998e+27,1.7656999999999998e+27,2.3855e+27,2.1588e+27,1.6222999999999995e+27,1.6012999999999995e+27
0.06,1,95.0,11.748286819,0.10599250441,0.31620955295,11.326084762,0.0,3.565e+27,3.5111e+27,4.7875e+27,4.3015e+27,3.2259e+27,3.1844e+27
0.06,1,96.0,11.748286819,0.10599250441,0.31620955295,11.326084762,0.0,7.103599999999999e+27,6.999399999999999e+27,9.5493e+27,8.5981e+27,6.4289e+27,6.348499999999999e+27
0.06,1,97.0,11.748286819,0.10599250441,0.31620955295,11.326084762,0.0,1.4155e+28,1.3953e+28,1.9048e+28,1.7186e+28,1.2812e+28,1.2656e+28
0.06,1,98.0,11.748286819,0.10599250441,0.31620955295,11.326084762,0.0,2.8204e+28,2.7816e+28,3.7994e+28,3.4353e+28,2.5534e+28,2.5231e+28
0.06,1,99.0,11.748286819,0.10599250441,0.31620955295,11.326084762,0.0,5.6199e+28,5.5451e+28,7.5784e+28,6.8667e+28,5.0888e+28,5.0301e+28
0.06,1,100.0,11.748286819,0.10599250441,0.31620955295,11.326084762,0.0,1.1198e+29,1.1054000000000002e+29,1.5116e+29,1.3725000000000002e+29,1.0142e+29,1.0028e+29
0.050303,1,75.0,18.352156087,0.10420226031,0.31593877158,17.932015055,0.0,1.8463e+25,1.8158e+25,2.0952e+25,1.9606e+25,1.82e+25,1.7924e+25
0.050303,1,76.0,18.352156087,0.10420226031,0.31593877158,17.932015055,0.0,4.1003e+25,4.0347e+25,4.6541e+25,4.3752e+25,4.0419e+25,3.9823e+25
0.050303,1,77.0,18.352156087,0.10420226031,0.31593877158,17.932015055,0.0,9.1063e+25,8.965e+25,1.0338e+26,9.7637e+25,8.9763e+25,8.8481e+25
0.050303,1,78.0,18.352156087,0.10420226031,0.31593877158,17.932015055,0.0,2.0224e+26,1.9919999999999997e+26,2.2964e+26,2.1788e+26,1.9935e+26,1.9659e+26
0.050303,1,79.0,18.352156087,0.10420226031,0.31593877158,17.932015055,0.0,4.4916e+26,4.4263e+26,5.1011e+26,4.8622e+26,4.4272e+26,4.3679999999999994e+26
0.050303,1,80.0,18.352156087,0.10420226031,0.31593877158,17.932015055,0.0,9.9753e+26,9.8352e+26,1.1331e+27,1.0849999999999998e+27,9.8319e+26,9.704999999999999e+26
0.050303,1,81.0,18.352156087,0.10420226031,0.31593877158,17.932015055,0.0,2.2119e+27,2.1804e+27,2.533e+27,2.4061e+27,2.1798e+27,2.1515e+27
0.050303,1,82.0,18.352156087,0.10420226031,0.31593877158,17.932015055,0.0,4.9046e+27,4.8338e+27,5.662399999999999e+27,5.335599999999999e+27,4.8326e+27,4.7695e+27
0.050303,1,83.0,18.352156087,0.10420226031,0.31593877158,17.932015055,0.0,1.0875e+28,1.0716e+28,1.2658e+28,1.1832e+28,1.0714e+28,1.0573e+28
0.050303,1,84.0,18.352156087,0.10420226031,0.31593877158,17.932015055,0.0,2.4114e+28,2.3757e+28,2.8296e+28,2.6238e+28,2.3753e+28,2.3439e+28
0.050303,1,85.0,18.352156087,0.10420226031,0.31593877158,17.932015055,0.0,5.347000000000001e+28,5.2667e+28,6.3253e+28,5.8183e+28,5.2661e+28,5.1962e+28
0.050303,1,86.0,18.352156087,0.10420226031,0.31593877158,17.932015055,0.0,1.1882e+29,1.1703000000000002e+29,1.3947000000000002e+29,1.2815000000000002e+29,1.1705000000000002e+29,1.1549e+29
0.050303,1,87.0,18.352156087,0.10420226031,0.31593877158,17.932015055,0.0,2.6403000000000003e+29,2.6004000000000003e+29,3.0753e+29,2.8226000000000003e+29,2.6016e+29,2.5667e+29
0.050303,1,88.0,18.352156087,0.10420226031,0.31593877158,17.932015055,0.0,5.8672e+29,5.778e+29,6.781000000000001e+29,6.2169e+29,5.7825e+29,5.704400000000001e+29
0.050303,1,89.0,18.352156087,0.10420226031,0.31593877158,17.932015055,0.0,1.3038e+30,1.2839e+30,1.4952e+30,1.3693e+30,1.2853e+30,1.2678e+30
0.050303,1,90.0,18.352156087,0.10420226031,0.31593877158,17.932015055,0.0,2.8972e+30,2.8528e+30,3.2969e+30,3.0159000000000004e+30,2.8567e+30,2.8177e+30
0.050303,1,91.0,18.352156087,0.10420226031,0.31593877158,17.932015055,0.0,6.454600000000001e+30,6.3536e+30,7.3398e+30,6.7389e+30,6.3641e+30,6.275e+30
0.050303,1,92.0,18.352156087,0.10420226031,0.31593877158,17.932015055,0.0,1.438e+31,1.415e+31,1.6341e+31,1.5058e+31,1.4178e+31,1.3975e+31
0.050303,1,93.0,18.352156087,0.10420226031,0.31593877158,17.932015055,0.0,3.2037e+31,3.1515e+31,3.6379e+31,3.3645e+31,3.1584e+31,3.1121e+31
0.050303,1,94.0,18.352156087,0.10420226031,0.31593877158,17.932015055,0.0,7.1374e+31,7.0187e+31,8.0991e+31,7.5177e+31,7.0362000000000005e+31,6.9307000000000005e+31
0.050303,1,95.0,18.352156087,0.10420226031,0.31593877158,17.932015055,0.0,1.5901e+32,1.5632e+32,1.8031e+32,1.6798e+32,1.5675e+32,1.5435e+32
0.050303,1,96.0,18.352156087,0.10420226031,0.31593877158,17.932015055,0.0,3.5273e+32,3.4755e+32,4.2874e+32,3.7754e+32,3.477e+32,3.4312e+32
0.050303,1,97.0,18.352156087,0.10420226031,0.31593877158,17.932015055,0.0,7.8244e+32,7.727399999999999e+32,1.0195e+33,8.4853e+32,7.7127e+32,7.6275e+32
0.050303,1,98.0,18.352156087,0.10420226031,0.31593877158,17.932015055,0.0,1.7357e+33,1.7180999999999998e+33,2.4241e+33,1.9071e+33,1.7108e+33,1.6956e+33
0.050303,1,99.0,18.352156087,0.10420226031,0.31593877158,17.932015055,0.0,3.8501e+33,3.82e+33,5.764099999999999e+33,4.2863e+33,3.795e+33,3.7693e+33
0.050303,1,100.0,18.352156087,0.10420226031,0.31593877158,17.932015055,0.0,8.5405e+33,8.493299999999999e+33,1.3706e+34,9.6337e+33,8.418099999999999e+33,8.379199999999999e+33
0.07,4,77.0,10.886815166,0.10305256485,0.2412294168,10.542533185,0.0,1.8015e+25,1.7666e+25,2.1061e+25,1.9228e+25,1.7586e+25,1.7296e+25
0.07,4,78.0,10.886815166,0.10305256485,0.2412294168,10.542533185,0.0,3.9116e+25,3.8378e+25,4.592e+25,4.188e+25,3.8186e+25,3.7574e+25
0.07,4,79.0,10.886815166,0.10305256485,0.2412294168,10.542533185,0.0,8.4931e+25,8.3371e+25,1.0012e+26,9.1216e+25,8.2916e+25,8.1626e+25
0.07,4,80.0,10.886815166,0.10305256485,0.2412294168,10.542533185,0.0,1.8441e+26,1.8111e+26,2.1828e+26,1.9867e+26,1.8004e+26,1.7733e+26
0.07,4,81.0,10.886815166,0.10305256485,0.2412294168,10.542533185,0.0,4.0114e+26,3.9414e+26,4.7635e+26,4.3046e+26,3.9172e+26,3.8592e+26
0.07,4,82.0,10.886815166,0.10305256485,0.2412294168,10.542533185,0.0,8.726e+26,8.5771e+26,1.0395e+27,9.3266e+26,8.5224e+26,8.3987e+26
0.07,4,83.0,10.886815166,0.10305256485,0.2412294168,10.542533185,0.0,1.8981e+27,1.8665e+27,2.2685e+27,2.0208e+27,1.8542e+27,1.8278e+27
0.07,4,84.0,10.886815166,0.10305256485,0.2412294168,10.542533185,0.0,4.129e+27,4.0619e+27,4.9505e+27,4.3783e+27,4.0341e+27,3.9779e+27
0.07,4,85.0,10.886815166,0.10305256485,0.2412294168,10.542533185,0.0,8.9816e+27,8.839399999999999e+27,1.0803e+28,9.4863e+27,8.776799999999999e+27,8.657099999999999e+27
0.07,4,86.0,10.886815166,0.10305256485,0.2412294168,10.542533185,0.0,1.9559e+28,1.9237e+28,2.3298e+28,2.0613e+28,1.9114e+28,1.8845e+28
0.07,4,87.0,10.886815166,0.10305256485,0.2412294168,10.542533185,0.0,4.2594e+28,4.1867e+28,5.0244e+28,4.479e+28,4.1624e+28,4.1022e+28
0.07,4,88.0,10.886815166,0.10305256485,0.2412294168,10.542533185,0.0,9.2756e+28,9.1115e+28,1.0835e+29,9.7325e+28,9.0646e+28,8.9299e+28
0.07,4,89.0,10.886815166,0.10305256485,0.2412294168,10.542533185,0.0,2.0199e+29,1.9829e+29,2.3367e+29,2.1148e+29,1.9740000000000003e+29,1.9439000000000003e+29
0.07,4,90.0,10.886815166,0.10305256485,0.2412294168,10.542533185,0.0,4.3988e+29,4.3155e+29,5.0393e+29,4.5952e+29,4.2989e+29,4.2315e+29
0.07,4,91.0,10.886815166,0.10305256485,0.2412294168,10.542533185,0.0,9.5704e+29,9.3909e+29,1.0939e+30,9.9673e+29,9.3556e+29,9.2094e+29
0.07,4,92.0,10.886815166,0.10305256485,0.2412294168,10.542533185,0.0,2.0822e+30,2.0435e+30,2.3745e+30,2.162e+30,2.036e+30,2.0043e+30
0.07,4,93.0,10.886815166,0.10305256485,0.2412294168,10.542533185,0.0,4.5303e+30,4.4469e+30,5.1545e+30,4.6895e+30,4.4309e+30,4.3621e+30
0.07,4,94.0,10.886815166,0.10305256485,0.2412294168,10.542533185,0.0,9.8565e+30,9.6768e+30,1.1189e+31,1.0172e+31,9.6429e+30,9.4936e+30
0.07,4,95.0,10.886815166,0.10305256485,0.2412294168,10.542533185,0.0,2.1445e+31,2.1057e+31,2.4288e+31,2.2064e+31,2.0986e+31,2.0662e+31
0.07,4,96.0,10.886815166,0.10305256485,0.2412294168,10.542533185,0.0,4.67e+31,4.5869e+31,5.3405e+31,4.8791e+31,4.5705e+31,4.5008e+31
0.07,4,97.0,10.886815166,0.10305256485,0.2412294168,10.542533185,0.0,1.017e+32,9.9914e+31,1.1743e+32,1.079e+32,9.9541e+31,9.8045e+31
0.07,4,98.0,10.886815166,0.10305256485,0.2412294168,10.542533185,0.0,2.2146e+32,2.1764e+32,2.582e+32,2.386e+32,2.1679e+32,2.1358e+32
0.07,4,99.0,10.886815166,0.10305256485,0.2412294168,10.542533185,0.0,4.8227e+32,4.7408e+32,5.6773e+32,5.2765e+32,4.7215e+32,4.6525e+32
0.07,4,100.0,10.886815166,0.10305256485,0.2412294168,10.542533185,0.0,1.0502e+33,1.0327e+33,1.2482999999999998e+33,1.1667999999999998e+33,1.0283e+33,1.0135e+33
0.08,4,86.0,7.8173699943,0.10363246331,0.24133844471,7.4723990863,0.0,1.1099e+25,1.0907e+25,1.2954e+25,1.1703e+25,9.9634e+24,9.8181e+24
0.08,4,87.0,7.8173699943,0.10363246331,0.24133844471,7.4723990863,0.0,2.219e+25,2.1792e+25,2.5933e+25,2.3489e+25,1.992e+25,1.9617e+25
0.08,4,88.0,7.8173699943,0.10363246331,0.24133844471,7.4723990863,0.0,4.4364e+25,4.3541e+25,5.1914e+25,4.7144e+25,3.9828e+25,3.9194e+25
0.08,4,89.0,7.8173699943,0.10363246331,0.24133844471,7.4723990863,0.0,8.8696e+25,8.6994e+25,1.0393e+26,9.4618e+25,7.9629e+25,7.8309e+25
0.08,4,90.0,7.8173699943,0.10363246331,0.24133844471,7.4723990863,0.0,1.7733e+26,1.7381e+26,2.0805e+26,1.899e+26,1.5921e+26,1.5646e+26
0.08,4,91.0,7.8173699943,0.10363246331,0.24133844471,7.4723990863,0.0,3.5466e+26,3.4771e+26,4.0919999999999995e+26,3.7527e+26,3.185e+26,3.1307e+26
0.08,4,92.0,7.8173699943,0.10363246331,0.24133844471,7.4723990863,0.0,7.0935e+26,6.956e+26,8.0484e+26,7.4156e+26,6.3717e+26,6.2642e+26
0.08,4,93.0,7.8173699943,0.10363246331,0.24133844471,7.4723990863,0.0,1.4187e+27,1.3915999999999998e+27,1.5829999999999998e+27,1.4654e+27,1.2747e+27,1.2534e+27
0.08,4,94.0,7.8173699943,0.10363246331,0.24133844471,7.4723990863,0.0,2.8376e+27,2.7838e+27,3.1135e+27,2.8958e+27,2.55e+27,2.508e+27
0.08,4,95.0,7.8173699943,0.10363246331,0.24133844471,7.4723990863,0.0,5.675299999999999e+27,5.569e+27,6.123699999999999e+27,5.722399999999999e+27,5.1014e+27,5.0184e+27
0.08,4,96.0,7.8173699943,0.10363246331,0.24133844471,7.4723990863,0.0,1.1397e+28,1.1134e+28,1.2279e+28,1.1426e+28,1.0245e+28,1.0034e+28
0.08,4,97.0,7.8173699943,0.10363246331,0.24133844471,7.4723990863,0.0,2.2888e+28,2.226e+28,2.4621e+28,2.2813e+28,2.0577e+28,2.0062e+28
0.08,4,98.0,7.8173699943,0.10363246331,0.24133844471,7.4723990863,0.0,4.5963e+28,4.4502e+28,4.9367e+28,4.555000000000001e+28,4.1326e+28,4.0113e+28
0.08,4,99.0,7.8173699943,0.10363246331,0.24133844471,7.4723990863,0.0,9.2304e+28,8.8972e+28,9.8988e+28,9.0948e+28,8.2998e+28,8.0203e+28
0.08,4,100.0,7.8173699943,0.10363246331,0.24133844471,7.4723990863,0.0,1.8536e+29,1.7788e+29,1.9848e+29,1.8159e+29,1.6669e+29,1.6036e+29
0.069689,4,81.0,11.029224996,0.1030314851,0.24048083442,10.685712676,0.0,1.0751e+25,1.0561e+25,1.3031e+25,1.1459e+25,1.0515e+25,1.0362e+25
0.069689,4,82.0,11.029224996,0.1030314851,0.24048083442,10.685712676,0.0,2.3417e+25,2.3002e+25,2.8111e+25,2.4911e+25,2.2905e+25,2.2568e+25
0.069689,4,83.0,11.029224996,0.1030314851,0.24048083442,10.685712676,0.0,5.1006e+25,5.0095e+25,6.0646e+25,5.4155e+25,4.9896e+25,4.9155e+25
0.069689,4,84.0,11.029224996,0.1030314851,0.24048083442,10.685712676,0.0,1.1109999999999998e+26,1.091e+26,1.3083e+26,1.1773e+26,1.0869e+26,1.0706e+26
0.069689,4,85.0,11.029224996,0.1030314851,0.24048083442,10.685712676,0.0,2.4199e+26,2.3761e+26,2.8225e+26,2.5594e+26,2.3678e+26,2.3319e+26
0.069689,4,86.0,11.029224996,0.1030314851,0.24048083442,10.685712676,0.0,5.2762e+26,5.1817e+26,6.1341e+26,5.5704e+26,5.1629e+26,5.0852e+26
0.069689,4,87.0,11.029224996,0.1030314851,0.24048083442,10.685712676,0.0,1.1503999999999998e+27,1.1300000000000001e+27,1.3331e+27,1.2124e+27,1.1258e+27,1.109e+27
0.069689,4,88.0,11.029224996,0.1030314851,0.24048083442,10.685712676,0.0,2.5083e+27,2.4642e+27,2.8972e+27,2.6387e+27,2.4547e+27,2.4184e+27
0.069689,4,89.0,11.029224996,0.1030314851,0.24048083442,10.685712676,0.0,5.468999999999999e+27,5.3736e+27,6.2964e+27,5.742999999999999e+27,5.3525e+27,5.2738e+27
0.069689,4,90.0,11.029224996,0.1030314851,0.24048083442,10.685712676,0.0,1.1924e+28,1.1718e+28,1.3684e+28,1.2499e+28,1.1671e+28,1.1501e+28
0.069689,4,91.0,11.029224996,0.1030314851,0.24048083442,10.685712676,0.0,2.6014e+28,2.5563e+28,2.9885e+28,2.7289e+28,2.5460000000000003e+28,2.5089e+28
0.069689,4,92.0,11.029224996,0.1030314851,0.24048083442,10.685712676,0.0,5.675e+28,5.5765e+28,6.5269e+28,5.958000000000001e+28,5.5541e+28,5.473000000000001e+28
0.069689,4,93.0,11.029224996,0.1030314851,0.24048083442,10.685712676,0.0,1.238e+29,1.2165000000000002e+29,1.4255e+29,1.3008e+29,1.2116000000000002e+29,1.1939000000000002e+29
0.069689,4,94.0,11.029224996,0.1030314851,0.24048083442,10.685712676,0.0,2.7008e+29,2.6537e+29,3.1133e+29,2.8400000000000003e+29,2.6431000000000003e+29,2.6044e+29
0.069689,4,95.0,11.029224996,0.1030314851,0.24048083442,10.685712676,0.0,5.892e+29,5.788900000000001e+29,6.799400000000001e+29,6.2004e+29,5.7660000000000005e+29,5.6814e+29
0.069689,4,96.0,11.029224996,0.1030314851,0.24048083442,10.685712676,0.0,1.2852e+30,1.263e+30,1.4766e+30,1.3484000000000002e+30,1.2581e+30,1.2398e+30
0.069689,4,97.0,11.029224996,0.1030314851,0.24048083442,10.685712676,0.0,2.8034e+30,2.7555e+30,3.2066e+30,2.9323000000000003e+30,2.7452e+30,2.7053e+30
0.069689,4,98.0,11.029224996,0.1030314851,0.24048083442,10.685712676,0.0,6.1151e+30,6.0118e+30,6.9635e+30,6.3769e+30,5.99e+30,5.903300000000001e+30
0.069689,4,99.0,11.029224996,0.1030314851,0.24048083442,10.685712676,0.0,1.3339e+31,1.3116e+31,1.5122e+31,1.3868e+31,1.307e+31,1.2882e+31
0.069689,4,100.0,11.029224996,0.1030314851,0.24048083442,10.685712676,0.0,2.9095e+31,2.8616e+31,3.284e+31,3.0158e+31,2.8518e+31,2.8109e+31
0.1,4,88.0,5.5443610854,0.099947191155,0.18899051608,5.2554233782,0.0,1.385e+25,1.3576e+25,1.4077e+25,1.2716e+25,1.2216e+25,1.2024e+25
0.1,4,89.0,5.5443610854,0.099947191155,0.18899051608,5.2554233782,0.0,2.7377e+25,2.6835e+25,2.8211e+25,2.5008e+25,2.4145e+25,2.3768e+25
0.1,4,90.0,5.5443610854,0.099947191155,0.18899051608,5.2554233782,0.0,5.4117e+25,5.3043e+25,5.6535e+25,4.9181e+25,4.7724e+25,4.6982e+25
0.1,4,91.0,5.5443610854,0.099947191155,0.18899051608,5.2554233782,0.0,1.0663e+26,1.0455e+26,1.1133e+26,9.7211e+25,9.4069e+25,9.2641e+25
0.1,4,92.0,5.5443610854,0.099947191155,0.18899051608,5.2554233782,0.0,2.1011e+26,2.0608e+26,2.1922e+26,1.9215e+26,1.8542e+26,1.8267e+26
0.1,4,93.0,5.5443610854,0.099947191155,0.18899051608,5.2554233782,0.0,4.1401e+26,4.0619e+26,4.3168e+26,3.798e+26,3.6548e+26,3.602e+26
0.1,4,94.0,5.5443610854,0.099947191155,0.18899051608,5.2554233782,0.0,8.1576e+26,8.0064e+26,8.5006e+26,7.5071e+26,7.204e+26,7.1024e+26
0.1,4,95.0,5.5443610854,0.099947191155,0.18899051608,5.2554233782,0.0,1.6074e+27,1.5781e+27,1.6739e+27,1.4837999999999998e+27,1.4200000000000002e+27,1.4005e+27
0.1,4,96.0,5.5443610854,0.099947191155,0.18899051608,5.2554233782,0.0,3.1794e+27,3.1185e+27,3.2617e+27,2.9158999999999995e+27,2.8095e+27,2.7677e+27
0.1,4,97.0,5.5443610854,0.099947191155,0.18899051608,5.2554233782,0.0,6.2889e+27,6.162299999999999e+27,6.3554e+27,5.729899999999999e+27,5.558499999999999e+27,5.4699e+27
0.1,4,98.0,5.5443610854,0.099947191155,0.18899051608,5.2554233782,0.0,1.2439e+28,1.2177e+28,1.2384e+28,1.126e+28,1.0998e+28,1.0810000000000002e+28
0.1,4,99.0,5.5443610854,0.099947191155,0.18899051608,5.2554233782,0.0,2.4605e+28,2.4063e+28,2.413e+28,2.2126e+28,2.1759e+28,2.1364e+28
0.1,4,100.0,5.5443610854,0.099947191155,0.18899051608,5.2554233782,0.0,4.8669e+28,4.755000000000001e+28,4.7017e+28,4.348e+28,4.305000000000001e+28,4.2221e+28
0.08829,4,78.0,7.5057932271,0.10013253355,0.1898198507,7.2158408428,0.0,1.1754e+25,1.1514e+25,1.3115e+25,1.2062e+25,1.1419e+25,1.1239e+25
0.08829,4,79.0,7.5057932271,0.10013253355,0.1898198507,7.2158408428,0.0,2.5178e+25,2.4677e+25,2.7964e+25,2.5767e+25,2.4471e+25,2.4093e+25
0.08829,4,80.0,7.5057932271,0.10013253355,0.1898198507,7.2158408428,0.0,5.393e+25,5.2887e+25,5.9627e+25,5.5046e+25,5.244e+25,5.1648e+25
0.08829,4,81.0,7.5057932271,0.10013253355,0.1898198507,7.2158408428,0.0,1.1538e+26,1.1317e+26,1.3074e+26,1.2027e+26,1.1217e+26,1.1051e+26
0.08829,4,82.0,7.5057932271,0.10013253355,0.1898198507,7.2158408428,0.0,2.4683e+26,2.4218e+26,2.8664e+26,2.6278e+26,2.3993e+26,2.3644e+26
0.08829,4,83.0,7.5057932271,0.10013253355,0.1898198507,7.2158408428,0.0,5.2807e+26,5.1824e+26,6.2847e+26,5.7415e+26,5.1322e+26,5.059e+26
0.08829,4,84.0,7.5057932271,0.10013253355,0.1898198507,7.2158408428,0.0,1.1297e+27,1.109e+27,1.378e+27,1.2545e+27,1.0978e+27,1.0824e+27
0.08829,4,85.0,7.5057932271,0.10013253355,0.1898198507,7.2158408428,0.0,2.4169e+27,2.3731e+27,3.0212e+27,2.7409e+27,2.3482e+27,2.316e+27
0.08829,4,86.0,7.5057932271,0.10013253355,0.1898198507,7.2158408428,0.0,5.1768e+27,5.079099999999999e+27,6.2749e+27,5.7237e+27,5.03e+27,4.9576e+27
0.08829,4,87.0,7.5057932271,0.10013253355,0.1898198507,7.2158408428,0.0,1.1088e+28,1.0871e+28,1.3033e+28,1.1952e+28,1.0775e+28,1.0612e+28
0.08829,4,88.0,7.5057932271,0.10013253355,0.1898198507,7.2158408428,0.0,2.3750000000000003e+28,2.3266e+28,2.7068e+28,2.4959e+28,2.3081e+28,2.2716e+28
0.08829,4,89.0,7.5057932271,0.10013253355,0.1898198507,7.2158408428,0.0,5.0870000000000005e+28,4.9796e+28,5.6219e+28,5.2121e+28,4.9441e+28,4.8624e+28
0.08829,4,90.0,7.5057932271,0.10013253355,0.1898198507,7.2158408428,0.0,1.0896e+29,1.0658e+29,1.1676e+29,1.0884e+29,1.0591e+29,1.0408e+29
0.08829,4,91.0,7.5057932271,0.10013253355,0.1898198507,7.2158408428,0.0,2.3373e+29,2.2876e+29,2.5189e+29,2.3583000000000003e+29,2.2726e+29,2.2345e+29
0.08829,4,92.0,7.5057932271,0.10013253355,0.1898198507,7.2158408428,0.0,5.0138e+29,4.9102e+29,5.4339e+29,5.109900000000001e+29,4.8768000000000006e+29,4.7970000000000006e+29
0.08829,4,93.0,7.5057932271,0.10013253355,0.1898198507,7.2158408428,0.0,1.0755e+30,1.054e+30,1.1722e+30,1.1072e+30,1.0465e+30,1.0298e+30
0.08829,4,94.0,7.5057932271,0.10013253355,0.1898198507,7.2158408428,0.0,2.3072e+30,2.2623e+30,2.5289e+30,2.399e+30,2.2457e+30,2.2108e+30
0.08829,4,95.0,7.5057932271,0.10013253355,0.1898198507,7.2158408428,0.0,4.9492e+30,4.8558e+30,5.4554e+30,5.198e+30,4.8189e+30,4.7463e+30
0.08829,4,96.0,7.5057932271,0.10013253355,0.1898198507,7.2158408428,0.0,1.0641e+31,1.041e+31,1.2533e+31,1.1101e+31,1.0341e+31,1.0173e+31
0.08829,4,97.0,7.5057932271,0.10013253355,0.1898198507,7.2158408428,0.0,2.2881e+31,2.2318e+31,2.8791e+31,2.3708e+31,2.219e+31,2.1805e+31
0.08829,4,98.0,7.5057932271,0.10013253355,0.1898198507,7.2158408428,0.0,4.9196e+31,4.7846e+31,6.6142e+31,5.0632e+31,4.7617e+31,4.6737e+31
0.08829,4,99.0,7.5057932271,0.10013253355,0.1898198507,7.2158408428,0.0,1.0578e+32,1.0257e+32,1.5195e+32,1.0813e+32,1.0218e+32,1.0018e+32
0.08829,4,100.0,7.5057932271,0.10013253355,0.1898198507,7.2158408428,0.0,2.2744e+32,2.199e+32,3.4906e+32,2.3094e+32,2.1926e+32,2.1472e+32
0.11611,4,86.0,4.7924844301,0.09512472167,0.14023133784,4.5571283706,0.0,1.6582e+25,1.6208e+25,1.7263e+25,1.6317e+25,1.5919e+25,1.5655e+25
0.11611,4,87.0,4.7924844301,0.09512472167,0.14023133784,4.5571283706,0.0,3.4536e+25,3.3763e+25,3.5794e+25,3.3882e+25,3.3166e+25,3.2621e+25
0.11611,4,88.0,4.7924844301,0.09512472167,0.14023133784,4.5571283706,0.0,7.1931e+25,7.0334e+25,7.4219e+25,7.0357e+25,6.9099e+25,6.7974e+25
0.11611,4,89.0,4.7924844301,0.09512472167,0.14023133784,4.5571283706,0.0,1.4982e+26,1.4652e+26,1.5389e+26,1.4609999999999998e+26,1.4397e+26,1.4164e+26
0.11611,4,90.0,4.7924844301,0.09512472167,0.14023133784,4.5571283706,0.0,3.1203e+26,3.0521e+26,3.191e+26,3.0337e+26,2.9994e+26,2.9515e+26
0.11611,4,91.0,4.7924844301,0.09512472167,0.14023133784,4.5571283706,0.0,6.4959e+26,6.3515e+26,6.6417e+26,6.3046e+26,6.244e+26,6.1424e+26
0.11611,4,92.0,4.7924844301,0.09512472167,0.14023133784,4.5571283706,0.0,1.3523e+27,1.3217e+27,1.3824e+27,1.3102e+27,1.2998e+27,1.2782999999999998e+27
0.11611,4,93.0,4.7924844301,0.09512472167,0.14023133784,4.5571283706,0.0,2.8152e+27,2.7505e+27,2.8772999999999995e+27,2.7229e+27,2.7058e+27,2.6603e+27
0.11611,4,94.0,4.7924844301,0.09512472167,0.14023133784,4.5571283706,0.0,5.8606e+27,5.7239e+27,5.988799999999999e+27,5.6587e+27,5.6328e+27,5.536399999999999e+27
0.11611,4,95.0,4.7924844301,0.09512472167,0.14023133784,4.5571283706,0.0,1.2201e+28,1.1911e+28,1.2465e+28,1.1760000000000002e+28,1.1726e+28,1.1522e+28
0.11611,4,96.0,4.7924844301,0.09512472167,0.14023133784,4.5571283706,0.0,2.5396e+28,2.4826e+28,2.6062e+28,2.4504e+28,2.441e+28,2.4017e+28
0.11611,4,97.0,4.7924844301,0.09512472167,0.14023133784,4.5571283706,0.0,5.2865e+28,5.1743e+28,5.4489e+28,5.1060000000000005e+28,5.0814e+28,5.0060000000000005e+28
0.11611,4,98.0,4.7924844301,0.09512472167,0.14023133784,4.5571283706,0.0,1.1004000000000002e+29,1.0784e+29,1.1392000000000002e+29,1.0639e+29,1.0578e+29,1.0435e+29
0.11611,4,99.0,4.7924844301,0.09512472167,0.14023133784,4.5571283706,0.0,2.2906000000000004e+29,2.2477e+29,2.3819e+29,2.217e+29,2.2021e+29,2.175e+29
0.11611,4,100.0,4.7924844301,0.09512472167,0.14023133784,4.5571283706,0.0,4.7681e+29,4.6847e+29,4.9799e+29,4.6196e+29,4.5841e+29,4.5336e+29
0.04,1,80.0,11.809250621,0.13246712981,0.24593667891,11.430846812,0.0,9.9419e+24,9.7227e+24,1.2134e+25,1.1662e+25,9.3352e+24,9.1414e+24
0.04,1,81.0,11.809250621,0.13246712981,0.24593667891,11.430846812,0.0,2.0852e+25,2.0406e+25,2.5886e+25,2.4589e+25,1.9578e+25,1.9186e+25
0.04,1,82.0,11.809250621,0.13246712981,0.24593667891,11.430846812,0.0,4.3734e+25,4.2829e+25,5.5227e+25,5.1845e+25,4.1058e+25,4.0268e+25
0.04,1,83.0,11.809250621,0.13246712981,0.24593667891,11.430846812,0.0,9.1725e+25,8.9892e+25,1.1782e+26,1.0931e+26,8.6106e+25,8.4516e+25
0.04,1,84.0,11.809250621,0.13246712981,0.24593667891,11.430846812,0.0,1.9238e+26,1.8867e+26,2.5136e+26,2.3048e+26,1.8058e+26,1.7738e+26
0.04,1,85.0,11.809250621,0.13246712981,0.24593667891,11.430846812,0.0,4.0349e+26,3.9598e+26,5.3627e+26,4.8595e+26,3.7871e+26,3.7229999999999994e+26
0.04,1,86.0,11.809250621,0.13246712981,0.24593667891,11.430846812,0.0,8.5068e+26,8.34e+26,1.1154e+27,1.0179e+27,7.9854e+26,7.8418e+26
0.04,1,87.0,11.809250621,0.13246712981,0.24593667891,11.430846812,0.0,1.7935e+27,1.7564999999999998e+27,2.3201e+27,2.1324e+27,1.6838e+27,1.6517e+27
0.04,1,88.0,11.809250621,0.13246712981,0.24593667891,11.430846812,0.0,3.7811e+27,3.6995e+27,4.8258e+27,4.4668e+27,3.5503999999999995e+27,3.4791e+27
0.04,1,89.0,11.809250621,0.13246712981,0.24593667891,11.430846812,0.0,7.971699999999999e+27,7.7918e+27,1.0038e+28,9.357e+27,7.486399999999999e+27,7.328e+27
0.04,1,90.0,11.809250621,0.13246712981,0.24593667891,11.430846812,0.0,1.6806e+28,1.6411e+28,2.0878e+28,1.9601e+28,1.5786e+28,1.5435e+28
0.04,1,91.0,11.809250621,0.13246712981,0.24593667891,11.430846812,0.0,3.5353e+28,3.4549e+28,4.3638e+28,4.1111e+28,3.3208e+28,3.2497e+28
0.04,1,92.0,11.809250621,0.13246712981,0.24593667891,11.430846812,0.0,7.4365e+28,7.2735e+28,9.1209e+28,8.622799999999999e+28,6.986000000000001e+28,6.842e+28
0.04,1,93.0,11.809250621,0.13246712981,0.24593667891,11.430846812,0.0,1.5643000000000002e+29,1.5313e+29,1.9064e+29,1.8086e+29,1.4696000000000002e+29,1.4405e+29
0.04,1,94.0,11.809250621,0.13246712981,0.24593667891,11.430846812,0.0,3.2905000000000005e+29,3.2237e+29,3.9846e+29,3.793300000000001e+29,3.0917000000000004e+29,3.0329e+29
0.04,1,95.0,11.809250621,0.13246712981,0.24593667891,11.430846812,0.0,6.921600000000001e+29,6.7867e+29,8.328300000000001e+29,7.956300000000001e+29,6.504e+29,6.3855e+29
0.04,1,96.0,11.809250621,0.13246712981,0.24593667891,11.430846812,0.0,1.4562000000000002e+30,1.4266e+30,1.7679e+30,1.6821e+30,1.3684e+30,1.3422000000000002e+30
0.04,1,97.0,11.809250621,0.13246712981,0.24593667891,11.430846812,0.0,3.0638000000000004e+30,2.9987e+30,3.7527e+30,3.5562e+30,2.8791e+30,2.8211e+30
0.04,1,98.0,11.809250621,0.13246712981,0.24593667891,11.430846812,0.0,6.446000000000001e+30,6.303200000000001e+30,7.9661e+30,7.5183e+30,6.0574e+30,5.9297e+30
0.04,1,99.0,11.809250621,0.13246712981,0.24593667891,11.430846812,0.0,1.3562e+31,1.3249e+31,1.691e+31,1.5895e+31,1.2744e+31,1.2464e+31
0.04,1,100.0,11.809250621,0.13246712981,0.24593667891,11.430846812,0.0,2.8533e+31,2.785e+31,3.5896e+31,3.3604e+31,2.6814e+31,2.6198e+31
0.037449,1,81.0,13.918410502,0.13155962114,0.22549128307,13.561359598,0.0,1.6858e+25,1.6518e+25,1.9225e+25,1.7879e+25,1.6519e+25,1.6211e+25
0.037449,1,82.0,13.918410502,0.13155962114,0.22549128307,13.561359598,0.0,3.6799e+25,3.6073e+25,4.1817e+25,3.9085e+25,3.6065e+25,3.5406e+25
0.037449,1,83.0,13.918410502,0.13155962114,0.22549128307,13.561359598,0.0,8.033e+25,7.8779e+25,9.0957e+25,8.5442e+25,7.874e+25,7.7328e+25
0.037449,1,84.0,13.918410502,0.13155962114,0.22549128307,13.561359598,0.0,1.7535e+26,1.7204e+26,1.9784e+26,1.8678e+26,1.7191e+26,1.6889e+26
0.037449,1,85.0,13.918410502,0.13155962114,0.22549128307,13.561359598,0.0,3.8279e+26,3.7571e+26,4.3034e+26,4.0831e+26,3.7533e+26,3.6885e+26
0.037449,1,86.0,13.918410502,0.13155962114,0.22549128307,13.561359598,0.0,8.3543e+26,8.2004e+26,9.421999999999999e+26,8.9479e+26,8.1916e+26,8.0509e+26
0.037449,1,87.0,13.918410502,0.13155962114,0.22549128307,13.561359598,0.0,1.8233e+27,1.7898999999999997e+27,2.0629e+27,1.9609e+27,1.7878e+27,1.7571999999999997e+27
0.037449,1,88.0,13.918410502,0.13155962114,0.22549128307,13.561359598,0.0,3.9793e+27,3.9066e+27,4.5166e+27,4.2972e+27,3.9019e+27,3.8355e+27
0.037449,1,89.0,13.918410502,0.13155962114,0.22549128307,13.561359598,0.0,8.6849e+27,8.5268e+27,9.8889e+27,9.4169e+27,8.515999999999999e+27,8.371599999999999e+27
0.037449,1,90.0,13.918410502,0.13155962114,0.22549128307,13.561359598,0.0,1.8955e+28,1.8611e+28,2.1651e+28,2.0637e+28,1.8586e+28,1.8273e+28
0.037449,1,91.0,13.918410502,0.13155962114,0.22549128307,13.561359598,0.0,4.1348e+28,4.0598e+28,4.704000000000001e+28,4.4731e+28,4.0549e+28,3.9865e+28
0.037449,1,92.0,13.918410502,0.13155962114,0.22549128307,13.561359598,0.0,9.0199e+28,8.8559e+28,1.0220000000000002e+29,9.6956e+28,8.8466e+28,8.6974e+28
0.037449,1,93.0,13.918410502,0.13155962114,0.22549128307,13.561359598,0.0,1.9676e+29,1.9318000000000003e+29,2.2203e+29,2.1016000000000003e+29,1.9301e+29,1.8975e+29
0.037449,1,94.0,13.918410502,0.13155962114,0.22549128307,13.561359598,0.0,4.292300000000001e+29,4.214e+29,4.8239e+29,4.5553e+29,4.2108e+29,4.1398e+29
0.037449,1,95.0,13.918410502,0.13155962114,0.22549128307,13.561359598,0.0,9.3634e+29,9.192200000000002e+29,1.048e+30,9.8738e+29,9.1867e+29,9.0318e+29
0.037449,1,96.0,13.918410502,0.13155962114,0.22549128307,13.561359598,0.0,2.0484e+30,2.0084e+30,2.3055e+30,2.1623e+30,2.0097e+30,1.9734e+30
0.037449,1,97.0,13.918410502,0.13155962114,0.22549128307,13.561359598,0.0,4.481e+30,4.388e+30,5.0718e+30,4.7352e+30,4.3963e+30,4.3117e+30
0.037449,1,98.0,13.918410502,0.13155962114,0.22549128307,13.561359598,0.0,9.8028e+30,9.5871e+30,1.1157e+31,1.037e+31,9.6174e+30,9.4208e+30
0.037449,1,99.0,13.918410502,0.13155962114,0.22549128307,13.561359598,0.0,2.1445e+31,2.0946e+31,2.4544e+31,2.2709e+31,2.1039e+31,2.0584e+31
0.037449,1,100.0,13.918410502,0.13155962114,0.22549128307,13.561359598,0.0,4.6913e+31,4.5765e+31,5.3993e+31,4.9730000000000005e+31,4.6025e+31,4.4974e+31
0.1,5,89.0,4.2119101439,0.11094720658,0.14466067966,3.9563022577,0.0,1.6477e+25,1.6049e+25,1.6084e+25,1.4792e+25,1.4483e+25,1.4185e+25
0.1,5,90.0,4.2119101439,0.11094720658,0.14466067966,3.9563022577,0.0,3.2287e+25,3.1416e+25,3.1438e+25,2.8905e+25,2.8374e+25,2.7773e+25
0.1,5,91.0,4.2119101439,0.11094720658,0.14466067966,3.9563022577,0.0,6.3134e+25,6.1457e+25,6.1679e+25,5.6721e+25,5.5491e+25,5.4333e+25
0.1,5,92.0,4.2119101439,0.11094720658,0.14466067966,3.9563022577,0.0,1.2345e+26,1.2022e+26,1.2101e+26,1.1131e+26,1.0852e+26,1.0629e+26
0.1,5,93.0,4.2119101439,0.11094720658,0.14466067966,3.9563022577,0.0,2.4141e+26,2.3518e+26,2.3742e+26,2.1842e+26,2.1224e+26,2.0794e+26
0.1,5,94.0,4.2119101439,0.11094720658,0.14466067966,3.9563022577,0.0,4.7205e+26,4.6007e+26,4.6579999999999996e+26,4.2862e+26,4.1507e+26,4.0681e+26
0.1,5,95.0,4.2119101439,0.11094720658,0.14466067966,3.9563022577,0.0,9.2306e+26,9.000000000000001e+26,9.1387e+26,8.410999999999999e+26,8.1175e+26,7.9585e+26
0.1,5,96.0,4.2119101439,0.11094720658,0.14466067966,3.9563022577,0.0,1.8043e+27,1.7596e+27,1.7822999999999997e+27,1.6493e+27,1.5872999999999997e+27,1.5561999999999998e+27
0.1,5,97.0,4.2119101439,0.11094720658,0.14466067966,3.9563022577,0.0,3.527e+27,3.4403e+27,3.4759e+27,3.2339999999999995e+27,3.1038e+27,3.043e+27
0.1,5,98.0,4.2119101439,0.11094720658,0.14466067966,3.9563022577,0.0,6.8943e+27,6.7263e+27,6.778999999999999e+27,6.341599999999999e+27,6.069099999999999e+27,5.9504e+27
0.1,5,99.0,4.2119101439,0.11094720658,0.14466067966,3.9563022577,0.0,1.3477e+28,1.3151e+28,1.3221e+28,1.2435e+28,1.1867e+28,1.1635e+28
0.1,5,100.0,4.2119101439,0.11094720658,0.14466067966,3.9563022577,0.0,2.6343e+28,2.5711e+28,2.5784e+28,2.4383e+28,2.3206e+28,2.2752e+28
0.08829,5,79.0,5.6904329946,0.11187627418,0.14595414531,5.4326025752,0.0,1.615e+25,1.5765e+25,1.818e+25,1.671e+25,1.567e+25,1.5367e+25
0.08829,5,80.0,5.6904329946,0.11187627418,0.14595414531,5.4326025752,0.0,3.4431e+25,3.3588e+25,3.8595e+25,3.5851e+25,3.3415e+25,3.2748e+25
0.08829,5,81.0,5.6904329946,0.11187627418,0.14595414531,5.4326025752,0.0,7.3276e+25,7.1481e+25,8.1642e+25,7.5572e+25,7.1105e+25,6.9689e+25
0.08829,5,82.0,5.6904329946,0.11187627418,0.14595414531,5.4326025752,0.0,1.5595e+26,1.5213e+26,1.7269999999999998e+26,1.593e+26,1.5131e+26,1.483e+26
0.08829,5,83.0,5.6904329946,0.11187627418,0.14595414531,5.4326025752,0.0,3.3189e+26,3.2375e+26,3.6533e+26,3.3581e+26,3.2197e+26,3.1558e+26
0.08829,5,84.0,5.6904329946,0.11187627418,0.14595414531,5.4326025752,0.0,7.0634e+26,6.89e+26,7.727999999999999e+26,7.0786e+26,6.8512e+26,6.7155e+26
0.08829,5,85.0,5.6904329946,0.11187627418,0.14595414531,5.4326025752,0.0,1.5031999999999998e+27,1.4662999999999998e+27,1.6347e+27,1.4922e+27,1.4579e+27,1.4289999999999998e+27
0.08829,5,86.0,5.6904329946,0.11187627418,0.14595414531,5.4326025752,0.0,3.1924e+27,3.1134e+27,3.4653e+27,3.1639999999999995e+27,3.0965e+27,3.0348e+27
0.08829,5,87.0,5.6904329946,0.11187627418,0.14595414531,5.4326025752,0.0,6.779699999999999e+27,6.610399999999999e+27,7.3455e+27,6.709099999999999e+27,6.576899999999999e+27,6.4446e+27
0.08829,5,88.0,5.6904329946,0.11187627418,0.14595414531,5.4326025752,0.0,1.4398e+28,1.4036e+28,1.5571e+28,1.4226e+28,1.3969e+28,1.3686e+28
0.08829,5,89.0,5.6904329946,0.11187627418,0.14595414531,5.4326025752,0.0,3.0577e+28,2.9801e+28,3.3006e+28,3.0166e+28,2.9671e+28,2.9064e+28
0.08829,5,90.0,5.6904329946,0.11187627418,0.14595414531,5.4326025752,0.0,6.4936e+28,6.3275e+28,6.9964e+28,6.3965e+28,6.302000000000001e+28,6.172000000000001e+28
0.08829,5,91.0,5.6904329946,0.11187627418,0.14595414531,5.4326025752,0.0,1.3846e+29,1.3494e+29,1.4931e+29,1.3697000000000002e+29,1.3435e+29,1.316e+29
0.08829,5,92.0,5.6904329946,0.11187627418,0.14595414531,5.4326025752,0.0,2.9525000000000003e+29,2.8776000000000003e+29,3.1866e+29,2.9328e+29,2.8643000000000004e+29,2.8059e+29
0.08829,5,93.0,5.6904329946,0.11187627418,0.14595414531,5.4326025752,0.0,6.2958e+29,6.1365e+29,6.800900000000001e+29,6.2799000000000005e+29,6.1064e+29,5.982600000000001e+29
0.08829,5,94.0,5.6904329946,0.11187627418,0.14595414531,5.4326025752,0.0,1.3425e+30,1.3086e+30,1.4514e+30,1.3447e+30,1.3018e+30,1.2756e+30
0.08829,5,95.0,5.6904329946,0.11187627418,0.14595414531,5.4326025752,0.0,2.8626e+30,2.7907e+30,3.0976e+30,2.8793e+30,2.7754e+30,2.7198e+30
0.08829,5,96.0,5.6904329946,0.11187627418,0.14595414531,5.4326025752,0.0,6.110600000000001e+30,5.943900000000001e+30,6.5783e+30,6.1419e+30,5.9252e+30,5.7939e+30
0.08829,5,97.0,5.6904329946,0.11187627418,0.14595414531,5.4326025752,0.0,1.3044e+31,1.2659999999999998e+31,1.3969999999999998e+31,1.3101e+31,1.265e+31,1.2342e+31
0.08829,5,98.0,5.6904329946,0.11187627418,0.14595414531,5.4326025752,0.0,2.7843e+31,2.6965e+31,2.9669e+31,2.7947e+31,2.7006e+31,2.6293e+31
0.08829,5,99.0,5.6904329946,0.11187627418,0.14595414531,5.4326025752,0.0,5.9435e+31,5.7433e+31,6.3008e+31,5.9614e+31,5.7655e+31,5.601e+31
0.08829,5,100.0,5.6904329946,0.11187627418,0.14595414531,5.4326025752,0.0,1.2687e+32,1.2233e+32,1.3381e+32,1.2716e+32,1.2309e+32,1.1932e+32
